age,gender,avg_academic_pressure,avg_cgpa,avg_study_satisfaction,avg_sleep_duration,avg_has_suicidal_thoughts,avg_work_study_hours,avg_financial_stress,avg_has_family_mental_illness,avg_has_depression,avg_academic_pressure_df3,avg_cgpa_df3,avg_study_satisfaction_df3,avg_has_suicidal_thoughts_df3,avg_work_study_hours_df3,avg_has_family_mental_illness_df3,avg_has_depression_df3,avg_attendance,avg_midterm_score,avg_final_score,avg_assignments_ave,avg_quizzes_ave,avg_participation_score,avg_projects_score,avg_total_score,avg_study_hours_per_week,avg_has_extracurricular,avg_has_internet_access,avg_stress_level,avg_sleep_hours_x,avg_ave_daily_usage_hours,avg_affects_academic_performance,avg_sleep_hours_y,avg_mental_health_score,avg_conflicts_over_social_media,avg_addicted_score,avg_interest_loss,avg_depressed_mood,avg_sleep_trouble,avg_fatigue,avg_appetite_change,avg_guilt_failure,avg_concentration,avg_fidgety_restless,avg_suicidal_thoughts,avg_phq9_score,avg_depression_level,diet_healthy,diet_moderate,diet_others,diet_unhealthy,diet_others_df3,most_used_Facebook,most_used_Instagram,most_used_KakaoTalk,most_used_LINE,most_used_LinkedIn,most_used_Snapchat,most_used_TikTok,most_used_Twitter,most_used_VKontakte,most_used_WeChat,most_used_WhatsApp,most_used_YouTube,rel_status_Complicated,rel_status_In Relationship,rel_status_Single,academic_level_Graduate,academic_level_High School,academic_level_Undergraduate
18,Female,3.5220587,7.474971,3.307353,6.5287185,0.7323529,7.4470587,3.2882352,0.4882353,0.7735294,3.5220587,7.474971,3.307353,0.7323529,7.4470587,0.4882353,0.7735294,50.68,41.06,54.16,89.8,65.6,73.8,70.56,64.587,22.0,1.0,1.0,3.0,8.1,5.98,1.0,5.3,4.8,4.0,8.8,2.0,0.0,3.0,3.0,1.0,1.0,3.0,3.0,1.0,17.0,3.0,0.25588235,0.3617647,0.0,0.38235295,0.0,0.0,0.8,0.0,0.0,0.0,0.2,0.0,0.0,0.0,0.0,0.0,0.0,0.2,0.0,0.8,0.0,1.0,0.0
18,Male,3.506064,7.609261,3.1598678,6.474642,0.68357223,7.223815,3.2646086,0.46857774,0.7607497,3.506064,7.609261,3.1598678,0.68357223,7.223815,0.46857774,0.7607497,97.71,57.27,74.0,74.23,98.23,88.0,98.23,81.917,27.1,0.0,0.0,4.0,4.3,5.0555553,0.7777778,5.6666665,5.4444447,3.3333333,7.2222223,3.0,0.0,2.0,1.0,3.0,3.0,3.0,3.0,1.0,19.0,3.0,0.21940464,0.33186328,0.0011025359,0.44762954,0.0011025359,0.0,0.0,0.0,0.0,0.0,0.33333334,0.5555556,0.0,0.0,0.0,0.0,0.11111111,0.11111111,0.11111111,0.7777778,0.0,1.0,0.0
19,Female,3.2877293,7.58811,3.119887,6.5197463,0.69111425,7.2242594,3.1819465,0.4922426,0.69111425,3.2877293,7.58811,3.119887,0.69111425,7.2242594,0.4922426,0.69111425,93.97,58.73,80.37,62.83,58.53,32.7,66.29,65.7015,22.6,1.0,1.0,10.0,6.1,5.128889,0.67407405,6.8133335,6.1037035,2.9777777,6.6,2.0,1.0,3.0,0.0,0.0,1.0,2.0,0.0,3.0,12.0,2.0,0.28349787,0.36953455,0.0,0.34696755,0.0,0.044444446,0.5925926,0.0,0.08888889,0.0,0.0,0.17777778,0.02962963,0.0,0.0074074073,0.05925926,0.0,0.044444446,0.3037037,0.65185183,0.0,0.05925926,0.94074076
19,Male,3.3102233,7.7252407,2.9682727,6.5522914,0.70740306,7.3160987,3.26557,0.50881314,0.7168038,3.3102233,7.7252407,2.9682727,0.70740306,7.3160987,0.50881314,0.7168038,65.91,91.72,59.470005,50.72,53.83,54.800003,90.04,71.3685,16.7,1.0,1.0,5.0,7.8,5.0785713,0.75,6.4035716,5.821429,3.142857,6.892857,2.0,1.0,2.0,2.0,3.0,1.0,3.0,3.0,3.0,20.0,4.0,0.24559341,0.36192715,0.0,0.39247945,0.0,0.071428575,0.2857143,0.0,0.0,0.0,0.035714287,0.5,0.035714287,0.0,0.035714287,0.0,0.035714287,0.21428573,0.21428573,0.5714286,0.0,0.107142866,0.8928571
20,Female,3.3725672,7.557442,3.0778499,6.521316,0.7136237,7.0602407,3.3967934,0.5189991,0.7099166,3.3725672,7.557442,3.0778499,0.7136237,7.0602407,0.5189991,0.7099166,59.299995,93.34,87.9,64.57,80.18,82.8,66.17,77.6705,22.9,1.0,0.0,7.0,8.6,4.9041095,0.6643836,6.9239726,6.2465754,2.9246576,6.4383564,0.0,3.0,1.0,3.0,2.0,0.0,0.0,3.0,0.0,12.0,2.0,0.29379055,0.34569046,0.0,0.360519,0.0,0.0890411,0.4178082,0.08219178,0.0,0.0,0.04109589,0.33561644,0.01369863,0.0,0.0,0.020547945,0.0,0.047945205,0.4041096,0.5479452,0.0,0.01369863,0.98630136
20,Male,3.2823834,7.6658726,2.9810016,6.5959377,0.6735751,7.4015546,3.3445597,0.47841105,0.70207256,3.2823834,7.6658726,2.9810016,0.6735751,7.4015546,0.47841105,0.70207256,82.84,79.77,58.18,81.04,58.22,5.7,55.52,61.429504,9.2,1.0,1.0,8.0,7.2999997,5.131579,0.68421054,6.4105263,6.0,3.0,6.789474,0.0,1.0,0.0,0.0,2.0,0.0,0.0,2.0,0.0,5.0,1.0,0.25302246,0.2823834,0.0,0.46459413,0.0,0.42105263,0.15789473,0.0,0.0,0.0,0.0,0.15789473,0.10526316,0.0,0.0,0.0,0.15789473,0.21052632,0.31578946,0.47368422,0.0,0.0,1.0
21,Female,3.1188524,7.6436205,2.762295,6.4030056,0.67076504,7.465847,3.3579235,0.52868855,0.69262296,3.1188524,7.6436205,2.762295,0.67076504,7.465847,0.52868855,0.69262296,97.83,76.97,62.75,57.19,79.08,97.4,57.57,65.8605,18.1,0.0,1.0,9.0,4.8,5.035484,0.6451613,6.5903225,6.096774,3.0,6.645161,2.0,1.0,3.0,0.0,3.0,3.0,1.0,3.0,2.0,18.0,3.0,0.2704918,0.3715847,0.0013661202,0.35655737,0.0013661202,0.032258064,0.58064514,0.0,0.0,0.0,0.032258064,0.22580644,0.09677419,0.0,0.032258064,0.0,0.0,0.032258064,0.67741936,0.29032257,0.38709676,0.0,0.61290324
21,Male,3.0201206,7.707397,2.722334,6.4934607,0.6589537,7.4607644,3.254527,0.47786722,0.66599596,3.0201206,7.707397,2.722334,0.6589537,7.4607644,0.47786722,0.66599596,60.6,70.21,64.48,87.85,52.26,54.8,67.65,68.09,25.3,1.0,0.0,6.0,5.6,4.9296,0.72,6.9376,6.176,2.84,6.576,0.0,1.0,3.0,0.0,0.0,3.0,1.0,1.0,1.0,10.0,2.0,0.23943663,0.3360161,0.0,0.42454728,0.0,0.272,0.352,0.0,0.0,0.008,0.008,0.10400001,0.008,0.0,0.032,0.176,0.04,0.008,0.48,0.512,0.848,0.0,0.152
22,Female,2.9589286,7.4702144,2.8196428,6.4382825,0.65,6.8160715,3.2071428,0.5,0.58035713,2.9589286,7.4702144,2.8196428,0.65,6.8160715,0.5,0.58035713,97.36,40.61,59.61,73.69,53.17,73.4,62.84,59.886497,10.3,1.0,0.0,1.0,5.9,5.0692306,0.61538464,6.6153846,6.1538463,2.8461537,6.4615383,0.0,0.0,1.0,1.0,0.0,3.0,2.0,0.0,2.0,9.0,1.0,0.29285714,0.35357141,0.0,0.35357141,0.0,0.15384616,0.3846154,0.0,0.0,0.15384616,0.0,0.07692308,0.15384616,0.0,0.07692308,0.0,0.0,0.07692308,0.53846157,0.3846154,1.0,0.0,0.0
22,Male,2.8516667,7.5787835,2.7516668,6.3966665,0.66,7.1316667,3.0983334,0.48,0.62666667,2.8516667,7.5787835,2.7516668,0.66,7.1316667,0.48,0.62666667,65.94,93.99,51.07,54.35,68.11,37.9,95.05,72.2395,8.8,0.0,0.0,10.0,8.4,4.6380596,0.54477614,7.177612,6.5074625,2.6119404,6.0597014,0.0,1.0,0.0,1.0,0.0,2.0,2.0,1.0,0.0,7.0,1.0,0.26833335,0.31666666,0.0,0.415,0.0,0.33582088,0.1119403,0.0,0.0,0.02238806,0.0,0.21641791,0.029850746,0.08955224,0.03731343,0.15671642,0.0,0.0074626864,0.4477612,0.54477614,1.0,0.0,0.0
23,Female,3.018576,7.5728326,2.758514,6.5379257,0.65634674,7.382353,3.1749227,0.47678018,0.6315789,3.018576,7.5728326,2.758514,0.65634674,7.382353,0.47678018,0.6315789,59.41,53.13,61.77,67.66,83.98,64.3,87.43001,71.403,13.3,1.0,0.0,6.0,4.5,4.326667,0.33333337,6.9533334,6.8000007,2.2,5.5333333,2.0,2.0,1.0,2.0,1.0,3.0,2.0,0.0,1.0,14.0,2.0,0.29411766,0.35603714,0.0015479876,0.3482972,0.0015479876,0.06666667,0.26666668,0.0,0.0,0.4,0.0,0.13333334,0.13333334,0.0,0.0,0.0,0.0,0.06666667,0.46666667,0.46666667,1.0,0.0,0.0
23,Male,2.9589589,7.7545543,2.7257257,6.4408226,0.6666667,7.2532535,3.18018,0.4834835,0.6436436,2.9589589,7.7545543,2.7257257,0.6666667,7.2532535,0.4834835,0.6436436,74.51,87.26,81.21,59.03,68.7,67.99999,98.97,82.207,9.099999,1.0,1.0,8.0,4.6,4.6526318,0.47368422,6.926316,6.5263157,2.5263157,5.7894735,0.0,3.0,3.0,0.0,3.0,0.0,0.0,3.0,0.0,12.0,2.0,0.27327326,0.35135135,0.001001001,0.37437436,0.001001001,0.2631579,0.21052632,0.0,0.0,0.2631579,0.0,0.10526316,0.15789473,0.0,0.0,0.0,0.0,0.05263158,0.5263158,0.42105263,1.0,0.0,0.0
24,Female,3.1754386,7.726384,2.8187134,6.522417,0.66764134,7.037037,3.3538013,0.4853801,0.66569203,3.1754386,7.726384,2.8187134,0.66764134,7.037037,0.4853801,0.66569203,90.38,45.65,44.44,68.1,66.27,4.2,55.48,51.6535,25.5,0.0,1.0,8.0,4.9,5.4625,0.625,6.7875,6.125,3.0,6.5,2.0,3.0,2.0,3.0,3.0,3.0,0.0,3.0,2.0,21.0,4.0,0.28947368,0.35867447,0.0,0.35185185,0.0,0.125,0.0,0.0,0.0,0.0,0.0,0.375,0.375,0.0,0.125,0.0,0.0,0.0,0.375,0.625,1.0,0.0,0.0
24,Male,3.1550324,7.7347155,2.8060064,6.508929,0.6850649,7.3936687,3.3319805,0.4586039,0.67045456,3.1550324,7.7347155,2.8060064,0.6850649,7.3936687,0.4586039,0.67045456,99.52,41.84,63.850002,85.85,50.0,4.7,91.22,67.717,12.400001,1.0,0.0,9.0,6.1,4.861111,0.5,6.8777776,6.4444447,2.5,5.9444447,3.0,1.0,0.0,1.0,1.0,3.0,2.0,0.0,1.0,12.0,2.0,0.24269481,0.34334415,0.0008116883,0.41314936,0.0008116883,0.2777778,0.16666667,0.0,0.0,0.22222222,0.0,0.11111111,0.16666667,0.0,0.055555556,0.0,0.0,0.055555556,0.44444445,0.5,1.0,0.0,0.0
25,Female,3.1585956,7.6967797,2.992736,6.599879,0.60169494,7.317191,3.20339,0.46246973,0.5786925,3.1585956,7.6967797,2.992736,0.60169494,7.317191,0.46246973,0.5786925,,,,,,,,,,,,,,,,,,,,1.0,1.0,3.0,3.0,0.0,0.0,0.0,2.0,0.0,10.0,2.0,0.2590799,0.36319613,0.0,0.37772396,0.0,0.0,0.0,0.0,0.0,0.0,0.0,0.0,0.0,0.0,0.0,0.0,0.0,0.0,0.0,0.0,0.0,0.0,0.0
25,Male,3.1732776,7.824478,2.9227557,6.5360503,0.6732777,7.1920667,3.1910229,0.4906054,0.6304802,3.1732776,7.824478,2.9227557,0.6732777,7.1920667,0.4906054,0.6304802,,,,,,,,,,,,,,,,,,,,1.0,3.0,2.0,1.0,1.0,2.0,3.0,3.0,3.0,19.0,3.0,0.22129436,0.3183716,0.0010438414,0.45929018,0.0010438414,0.0,0.0,0.0,0.0,0.0,0.0,0.0,0.0,0.0,0.0,0.0,0.0,0.0,0.0,0.0,0.0,0.0,0.0
26,Female,3.21519,7.7321014,2.9594936,6.4670887,0.5822785,7.0531645,3.0911393,0.46329114,0.53670883,3.21519,7.7321014,2.9594936,0.5822785,7.0531645,0.46329114,0.53670883,,,,,,,,,,,,,,,,,,,,1.0,2.0,3.0,2.0,2.0,2.0,2.0,2.0,2.0,18.0,3.0,0.30886075,0.40253165,0.0,0.2886076,0.0,0.0,0.0,0.0,0.0,0.0,0.0,0.0,0.0,0.0,0.0,0.0,0.0,0.0,0.0,0.0,0.0,0.0,0.0
26,Male,3.206579,7.719987,2.9,6.387352,0.6618421,7.188158,3.161842,0.4526316,0.59342104,3.206579,7.719987,2.9,0.6618421,7.188158,0.4526316,0.59342104,,,,,,,,,,,,,,,,,,,,3.0,0.0,3.0,3.0,2.0,3.0,0.0,0.0,3.0,17.0,3.0,0.2618421,0.33026317,0.0013157895,0.40657896,0.0013157895,0.0,0.0,0.0,0.0,0.0,0.0,0.0,0.0,0.0,0.0,0.0,0.0,0.0,0.0,0.0,0.0,0.0,0.0
27,Female,3.2813919,7.4143267,2.96823,6.5295453,0.6475038,7.0711045,3.0937972,0.4977307,0.5854766,3.2813919,7.4143267,2.96823,0.6475038,7.0711045,0.4977307,0.5854766,,,,,,,,,,,,,,,,,,,,,,,,,,,,,,,0.2677761,0.3540091,0.0015128592,0.37670198,0.0015128592,0.0,0.0,0.0,0.0,0.0,0.0,0.0,0.0,0.0,0.0,0.0,0.0,0.0,0.0,0.0,0.0,0.0,0.0
27,Male,3.2671661,7.638639,2.8564296,6.3907614,0.6454432,7.2347064,3.2059925,0.4968789,0.6242197,3.2671661,7.638639,2.8564296,0.6454432,7.2347064,0.4968789,0.6242197,,,,,,,,,,,,,,,,,,,,,,,,,,,,,,,0.28089887,0.34082398,0.0,0.37827715,0.0,0.0,0.0,0.0,0.0,0.0,0.0,0.0,0.0,0.0,0.0,0.0,0.0,0.0,0.0,0.0,0.0,0.0,0.0
28,Female,3.3667953,7.5337067,2.984556,6.399034,0.6650579,7.076255,3.1447875,0.48262548,0.6245174,3.3667953,7.5337067,2.984556,0.6650579,7.076255,0.48262548,0.6245174,,,,,,,,,,,,,,,,,,,,,,,,,,,,,,,0.3069498,0.34942085,0.0,0.34362933,0.0,0.0,0.0,0.0,0.0,0.0,0.0,0.0,0.0,0.0,0.0,0.0,0.0,0.0,0.0,0.0,0.0,0.0,0.0
28,Male,3.2452142,7.7017956,2.9371011,6.41469,0.66453964,7.2342753,3.118505,0.4794895,0.6025524,3.2452142,7.7017956,2.9371011,0.66453964,7.2342753,0.4794895,0.6025524,,,,,,,,,,,,,,,,,,,,,,,,,,,,,,,0.26800364,0.31905195,0.0,0.4129444,0.0,0.0,0.0,0.0,0.0,0.0,0.0,0.0,0.0,0.0,0.0,0.0,0.0,0.0,0.0,0.0,0.0,0.0,0.0
29,Female,3.1283238,7.738543,2.9421966,6.388439,0.6092486,7.1063585,2.9410405,0.47398844,0.5456647,3.1283238,7.738543,2.9421966,0.6092486,7.1063585,0.47398844,0.5456647,,,,,,,,,,,,,,,,,,,,,,,,,,,,,,,0.27283236,0.4231214,0.0,0.30404624,0.0,0.0,0.0,0.0,0.0,0.0,0.0,0.0,0.0,0.0,0.0,0.0,0.0,0.0,0.0,0.0,0.0,0.0,0.0
29,Male,3.0976958,7.7521935,2.9447005,6.516129,0.6211982,7.02765,3.048977,0.4875576,0.5815668,3.0976958,7.7521935,2.9447005,0.6211982,7.02765,0.4875576,0.5815668,,,,,,,,,,,,,,,,,,,,,,,,,,,,,,,0.23963134,0.3640553,0.0,0.39631337,0.0,0.0,0.0,0.0,0.0,0.0,0.0,0.0,0.0,0.0,0.0,0.0,0.0,0.0,0.0,0.0,0.0,0.0,0.0
30,Female,3.0766356,7.740112,2.895327,6.550657,0.55700934,6.751402,2.906542,0.49532712,0.42429906,3.0766356,7.740112,2.895327,0.55700934,6.751402,0.49532712,0.42429906,,,,,,,,,,,,,,,,,,,,,,,,,,,,,,,0.32149532,0.37383178,0.0,0.3046729,0.0,0.0,0.0,0.0,0.0,0.0,0.0,0.0,0.0,0.0,0.0,0.0,0.0,0.0,0.0,0.0,0.0,0.0,0.0
30,Male,3.0163934,7.7309837,2.9688525,6.4319673,0.5163934,6.9688525,2.8885245,0.45737705,0.40491804,3.0163934,7.7309837,2.9688525,0.5163934,6.9688525,0.45737705,0.40491804,,,,,,,,,,,,,,,,,,,,,,,,,,,,,,,0.2590164,0.38196722,0.0016393443,0.35737705,0.0016393443,0.0,0.0,0.0,0.0,0.0,0.0,0.0,0.0,0.0,0.0,0.0,0.0,0.0,0.0,0.0,0.0,0.0,0.0
31,Female,3.0610688,7.6217256,2.8564885,6.4249616,0.61374044,7.0091605,3.0671756,0.46259543,0.53282446,3.0610688,7.6217256,2.8564885,0.61374044,7.0091605,0.46259543,0.53282446,,,,,,,,,,,,,,,,,,,,,,,,,,,,,,,0.29312977,0.39541984,0.0,0.3114504,0.0,0.0,0.0,0.0,0.0,0.0,0.0,0.0,0.0,0.0,0.0,0.0,0.0,0.0,0.0,0.0,0.0,0.0,0.0
31,Male,2.9145079,7.7159452,2.9585493,6.4208817,0.5362694,7.0181346,2.873057,0.45725387,0.4365285,2.9145079,7.7159452,2.9585493,0.5362694,7.0181346,0.45725387,0.4365285,,,,,,,,,,,,,,,,,,,,,,,,,,,,,,,0.29274613,0.33290157,0.0,0.37435234,0.0,0.0,0.0,0.0,0.0,0.0,0.0,0.0,0.0,0.0,0.0,0.0,0.0,0.0,0.0,0.0,0.0,0.0,0.0
32,Female,3.2138615,7.3824754,2.9821782,6.4752474,0.5980198,6.859406,3.1052275,0.5089109,0.48118812,3.2138615,7.3824754,2.9821782,0.5980198,6.859406,0.5089109,0.48118812,,,,,,,,,,,,,,,,,,,,,,,,,,,,,,,0.32475248,0.38019803,0.001980198,0.2930693,0.001980198,0.0,0.0,0.0,0.0,0.0,0.0,0.0,0.0,0.0,0.0,0.0,0.0,0.0,0.0,0.0,0.0,0.0,0.0
32,Male,3.1439893,7.819287,2.8797886,6.471561,0.653897,7.2060766,3.1334214,0.5072655,0.54425365,3.1439893,7.819287,2.8797886,0.653897,7.2060766,0.5072655,0.54425365,,,,,,,,,,,,,,,,,,,,,,,,,,,,,,,0.2734478,0.37516513,0.0,0.35138705,0.0,0.0,0.0,0.0,0.0,0.0,0.0,0.0,0.0,0.0,0.0,0.0,0.0,0.0,0.0,0.0,0.0,0.0,0.0
33,Female,2.9473684,7.4932523,3.043185,6.5013514,0.5411606,6.9878545,2.8920379,0.55060726,0.3900135,2.9473684,7.4932523,3.043185,0.5411606,6.9878545,0.55060726,0.3900135,,,,,,,,,,,,,,,,,,,,,,,,,,,,,,,0.31443995,0.40620783,0.0,0.27935222,0.0,0.0,0.0,0.0,0.0,0.0,0.0,0.0,0.0,0.0,0.0,0.0,0.0,0.0,0.0,0.0,0.0,0.0,0.0
33,Male,2.9496527,7.6161633,3.108507,6.533854,0.5121528,7.0885415,2.8993056,0.4548611,0.38975695,2.9496527,7.6161633,3.108507,0.5121528,7.0885415,0.4548611,0.38975695,,,,,,,,,,,,,,,,,,,,,,,,,,,,,,,0.26302084,0.3871528,0.0,0.3498264,0.0,0.0,0.0,0.0,0.0,0.0,0.0,0.0,0.0,0.0,0.0,0.0,0.0,0.0,0.0,0.0,0.0,0.0,0.0
34,Female,2.8605342,7.691617,3.1053412,6.476261,0.47477746,6.921365,2.824926,0.4718101,0.3041543,2.8605342,7.691617,3.1053412,0.47477746,6.921365,0.4718101,0.3041543,,,,,,,,,,,,,,,,,,,,,,,,,,,,,,,0.36498517,0.36498517,0.0,0.27002966,0.0,0.0,0.0,0.0,0.0,0.0,0.0,0.0,0.0,0.0,0.0,0.0,0.0,0.0,0.0,0.0,0.0,0.0,0.0
34,Male,2.670025,7.670869,3.1171284,6.624212,0.47481108,6.8312345,2.7720404,0.4697733,0.24811083,2.670025,7.670869,3.1171284,0.47481108,6.8312345,0.4697733,0.24811083,,,,,,,,,,,,,,,,,,,,,,,,,,,,,,,0.33501258,0.38035265,0.0025188916,0.28211588,0.0025188916,0.0,0.0,0.0,0.0,0.0,0.0,0.0,0.0,0.0,0.0,0.0,0.0,0.0,0.0,0.0,0.0,0.0,0.0
35,Female,4.142857,7.6185713,2.857143,6.714286,0.2857143,9.714286,3.5714285,0.71428573,0.2857143,4.142857,7.6185713,2.857143,0.2857143,9.714286,0.71428573,0.2857143,,,,,,,,,,,,,,,,,,,,,,,,,,,,,,,0.14285715,0.71428573,0.0,0.14285715,0.0,0.0,0.0,0.0,0.0,0.0,0.0,0.0,0.0,0.0,0.0,0.0,0.0,0.0,0.0,0.0,0.0,0.0,0.0
35,Male,2.3333333,6.8599997,3.6666667,6.0,0.0,5.3333335,3.3333333,0.33333334,0.0,2.3333333,6.8599997,3.6666667,0.0,5.3333335,0.33333334,0.0,,,,,,,,,,,,,,,,,,,,,,,,,,,,,,,0.33333334,0.6666667,0.0,0.0,0.0,0.0,0.0,0.0,0.0,0.0,0.0,0.0,0.0,0.0,0.0,0.0,0.0,0.0,0.0,0.0,0.0,0.0,0.0
36,Female,2.0,7.745,4.0,6.875,0.0,5.5,3.5,1.0,0.0,2.0,7.7450004,4.0,0.0,5.5,1.0,0.0,,,,,,,,,,,,,,,,,,,,,,,,,,,,,,,0.5,0.25,0.0,0.25,0.0,0.0,0.0,0.0,0.0,0.0,0.0,0.0,0.0,0.0,0.0,0.0,0.0,0.0,0.0,0.0,0.0,0.0,0.0
36,Male,2.0,7.0833335,3.6666667,7.5,0.6666667,5.0,3.0,0.6666667,0.33333334,2.0,7.0833335,3.6666667,0.6666667,5.0,0.6666667,0.33333334,,,,,,,,,,,,,,,,,,,,,,,,,,,,,,,0.0,0.6666667,0.0,0.33333334,0.0,0.0,0.0,0.0,0.0,0.0,0.0,0.0,0.0,0.0,0.0,0.0,0.0,0.0,0.0,0.0,0.0,0.0,0.0
37,Female,1.0,9.41,3.0,5.5,0.0,0.0,4.0,1.0,0.0,1.0,9.41,3.0,0.0,0.0,1.0,0.0,,,,,,,,,,,,,,,,,,,,,,,,,,,,,,,0.0,1.0,0.0,0.0,0.0,0.0,0.0,0.0,0.0,0.0,0.0,0.0,0.0,0.0,0.0,0.0,0.0,0.0,0.0,0.0,0.0,0.0,0.0
37,Male,1.0,5.41,1.0,5.5,1.0,1.0,5.0,1.0,0.0,1.0,5.41,1.0,1.0,1.0,1.0,0.0,,,,,,,,,,,,,,,,,,,,,,,,,,,,,,,0.0,0.0,0.0,1.0,0.0,0.0,0.0,0.0,0.0,0.0,0.0,0.0,0.0,0.0,0.0,0.0,0.0,0.0,0.0,0.0,0.0,0.0,0.0
38,Female,2.3333333,8.1866665,3.6666667,5.1666665,0.6666667,9.333333,2.6666667,0.33333334,0.33333334,2.3333333,8.1866665,3.6666667,0.6666667,9.333333,0.33333334,0.33333334,,,,,,,,,,,,,,,,,,,,,,,,,,,,,,,0.33333334,0.6666667,0.0,0.0,0.0,0.0,0.0,0.0,0.0,0.0,0.0,0.0,0.0,0.0,0.0,0.0,0.0,0.0,0.0,0.0,0.0,0.0,0.0
38,Male,2.4,5.682,1.8,6.6,0.2,3.4,3.0,0.4,0.2,2.4,5.682,1.8,0.2,3.4,0.4,0.2,,,,,,,,,,,,,,,,,,,,,,,,,,,,,,,0.6,0.4,0.0,0.0,0.0,0.0,0.0,0.0,0.0,0.0,0.0,0.0,0.0,0.0,0.0,0.0,0.0,0.0,0.0,0.0,0.0,0.0,0.0
39,Female,4.6666665,5.9033337,3.6666667,7.0,0.6666667,6.0,4.0,0.33333334,0.6666667,4.6666665,5.9033337,3.6666667,0.6666667,6.0,0.33333334,0.6666667,,,,,,,,,,,,,,,,,,,,,,,,,,,,,,,0.33333334,0.33333334,0.0,0.33333334,0.0,0.0,0.0,0.0,0.0,0.0,0.0,0.0,0.0,0.0,0.0,0.0,0.0,0.0,0.0,0.0,0.0,0.0,0.0
41,Male,3.0,5.85,1.0,5.5,0.0,11.0,5.0,1.0,1.0,3.0,5.85,1.0,0.0,11.0,1.0,1.0,,,,,,,,,,,,,,,,,,,,,,,,,,,,,,,0.0,1.0,0.0,0.0,0.0,0.0,0.0,0.0,0.0,0.0,0.0,0.0,0.0,0.0,0.0,0.0,0.0,0.0,0.0,0.0,0.0,0.0,0.0
42,Female,3.5,9.295,3.5,7.25,0.5,3.5,1.5,1.0,0.0,3.5,9.295,3.5,0.5,3.5,1.0,0.0,,,,,,,,,,,,,,,,,,,,,,,,,,,,,,,0.0,1.0,0.0,0.0,0.0,0.0,0.0,0.0,0.0,0.0,0.0,0.0,0.0,0.0,0.0,0.0,0.0,0.0,0.0,0.0,0.0,0.0,0.0
42,Male,5.0,5.71,2.5,6.0,0.5,11.0,4.5,0.5,1.0,5.0,5.71,2.5,0.5,11.0,0.5,1.0,,,,,,,,,,,,,,,,,,,,,,,,,,,,,,,0.5,0.0,0.0,0.5,0.0,0.0,0.0,0.0,0.0,0.0,0.0,0.0,0.0,0.0,0.0,0.0,0.0,0.0,0.0,0.0,0.0,0.0,0.0
43,Female,5.0,9.67,1.0,7.5,1.0,2.0,3.0,1.0,0.0,5.0,9.67,1.0,1.0,2.0,1.0,0.0,,,,,,,,,,,,,,,,,,,,,,,,,,,,,,,1.0,0.0,0.0,0.0,0.0,0.0,0.0,0.0,0.0,0.0,0.0,0.0,0.0,0.0,0.0,0.0,0.0,0.0,0.0,0.0,0.0,0.0,0.0
43,Male,5.0,5.64,2.0,5.5,0.0,9.0,4.0,1.0,1.0,5.0,5.64,2.0,0.0,9.0,1.0,1.0,,,,,,,,,,,,,,,,,,,,,,,,,,,,,,,0.0,1.0,0.0,0.0,0.0,0.0,0.0,0.0,0.0,0.0,0.0,0.0,0.0,0.0,0.0,0.0,0.0,0.0,0.0,0.0,0.0,0.0,0.0
44,Female,1.0,6.83,3.0,4.5,0.0,4.0,3.0,0.0,0.0,1.0,6.83,3.0,0.0,4.0,0.0,0.0,,,,,,,,,,,,,,,,,,,,,,,,,,,,,,,0.0,0.0,0.0,1.0,0.0,0.0,0.0,0.0,0.0,0.0,0.0,0.0,0.0,0.0,0.0,0.0,0.0,0.0,0.0,0.0,0.0,0.0,0.0
46,Female,3.0,6.83,1.0,5.5,0.0,8.0,5.0,0.0,1.0,3.0,6.83,1.0,0.0,8.0,0.0,1.0,,,,,,,,,,,,,,,,,,,,,,,,,,,,,,,1.0,0.0,0.0,0.0,0.0,0.0,0.0,0.0,0.0,0.0,0.0,0.0,0.0,0.0,0.0,0.0,0.0,0.0,0.0,0.0,0.0,0.0,0.0
46,Male,1.0,6.1,3.0,7.5,0.0,4.0,2.0,0.0,0.0,1.0,6.1,3.0,0.0,4.0,0.0,0.0,,,,,,,,,,,,,,,,,,,,,,,,,,,,,,,0.0,0.0,0.0,1.0,0.0,0.0,0.0,0.0,0.0,0.0,0.0,0.0,0.0,0.0,0.0,0.0,0.0,0.0,0.0,0.0,0.0,0.0,0.0
48,Female,2.3333333,7.2400002,4.3333335,8.0,0.33333334,5.0,4.0,0.6666667,0.33333334,2.3333333,7.2400002,4.3333335,0.33333334,5.0,0.6666667,0.33333334,,,,,,,,,,,,,,,,,,,,,,,,,,,,,,,0.33333334,0.33333334,0.0,0.33333334,0.0,0.0,0.0,0.0,0.0,0.0,0.0,0.0,0.0,0.0,0.0,0.0,0.0,0.0,0.0,0.0,0.0,0.0,0.0
49,Male,3.0,6.47,3.0,5.5,1.0,2.0,1.0,1.0,0.0,3.0,6.47,3.0,1.0,2.0,1.0,0.0,,,,,,,,,,,,,,,,,,,,,,,,,,,,,,,0.0,1.0,0.0,0.0,0.0,0.0,0.0,0.0,0.0,0.0,0.0,0.0,0.0,0.0,0.0,0.0,0.0,0.0,0.0,0.0,0.0,0.0,0.0
51,Female,2.0,8.26,3.0,4.5,1.0,5.0,5.0,1.0,0.0,2.0,8.26,3.0,1.0,5.0,1.0,0.0,,,,,,,,,,,,,,,,,,,,,,,,,,,,,,,0.0,1.0,0.0,0.0,0.0,0.0,0.0,0.0,0.0,0.0,0.0,0.0,0.0,0.0,0.0,0.0,0.0,0.0,0.0,0.0,0.0,0.0,0.0
54,Male,5.0,9.6,2.0,9.0,1.0,9.0,3.0,1.0,0.0,5.0,9.6,2.0,1.0,9.0,1.0,0.0,,,,,,,,,,,,,,,,,,,,,,,,,,,,,,,0.0,0.0,0.0,1.0,0.0,0.0,0.0,0.0,0.0,0.0,0.0,0.0,0.0,0.0,0.0,0.0,0.0,0.0,0.0,0.0,0.0,0.0,0.0
56,Female,3.0,7.94,5.0,5.5,0.0,1.0,5.0,1.0,0.0,3.0,7.94,5.0,0.0,1.0,1.0,0.0,,,,,,,,,,,,,,,,,,,,,,,,,,,,,,,0.0,0.0,0.0,1.0,0.0,0.0,0.0,0.0,0.0,0.0,0.0,0.0,0.0,0.0,0.0,0.0,0.0,0.0,0.0,0.0,0.0,0.0,0.0
58,Female,4.0,8.58,1.0,7.5,0.0,4.0,4.0,0.0,0.0,4.0,8.58,1.0,0.0,4.0,0.0,0.0,,,,,,,,,,,,,,,,,,,,,,,,,,,,,,,1.0,0.0,0.0,0.0,0.0,0.0,0.0,0.0,0.0,0.0,0.0,0.0,0.0,0.0,0.0,0.0,0.0,0.0,0.0,0.0,0.0,0.0,0.0
59,Male,1.0,8.14,1.0,5.5,1.0,10.0,4.0,1.0,0.0,1.0,8.14,1.0,1.0,10.0,1.0,0.0,,,,,,,,,,,,,,,,,,,,,,,,,,,,,,,0.0,0.0,0.0,1.0,0.0,0.0,0.0,0.0,0.0,0.0,0.0,0.0,0.0,0.0,0.0,0.0,0.0,0.0,0.0,0.0,0.0,0.0,0.0
